{"cameraMode":{"drawMode":0,"name":"Shaded","section":"Shading Mode"},"sceneLighting":true,"audioPlay":false,"sceneViewState":{"showFog":true,"showMaterialUpdate":false,"showSkybox":true,"showFlares":true,"showImageEffects":true,"showParticleSystems":true},"in2DMode":false,"pivot":{"x":-2.9285268783569338,"y":1.9253463745117188,"z":2.125581741333008},"rotation":{"x":-0.08002200722694397,"y":0.8754955530166626,"z":-0.15552657842636109,"w":-0.45046350359916689},"size":10.0,"orthographic":false}