{"cameraMode":{"drawMode":0,"name":"Shaded","section":"Shading Mode"},"sceneLighting":false,"audioPlay":false,"sceneViewState":{"showFog":true,"showMaterialUpdate":false,"showSkybox":false,"showFlares":true,"showImageEffects":true,"showParticleSystems":true},"in2DMode":false,"pivot":{"x":-0.16343091428279878,"y":0.6275475025177002,"z":0.04202461242675781},"rotation":{"x":0.0005319922929629684,"y":0.9929767847061157,"z":-0.1182217076420784,"w":0.004468307830393314},"size":1.0428721904754639,"orthographic":false}