{"cameraMode":{"drawMode":0,"name":"Shaded","section":"Shading Mode"},"sceneLighting":true,"audioPlay":false,"sceneViewState":{"showFog":true,"showMaterialUpdate":false,"showSkybox":true,"showFlares":true,"showImageEffects":true,"showParticleSystems":true},"in2DMode":false,"pivot":{"x":-9.79310131072998,"y":0.7141046524047852,"z":-3.2009196281433107},"rotation":{"x":0.3834909498691559,"y":0.2670518457889557,"z":-0.11686380207538605,"w":0.8763381242752075},"size":5.027833461761475,"orthographic":false}