{"cameraMode":{"drawMode":0,"name":"Shaded","section":"Shading Mode"},"sceneLighting":true,"audioPlay":false,"sceneViewState":{"showFog":true,"showMaterialUpdate":false,"showSkybox":true,"showFlares":true,"showImageEffects":true,"showParticleSystems":true},"in2DMode":false,"pivot":{"x":0.16911795735359193,"y":1.0610542297363282,"z":2.1396596431732179},"rotation":{"x":0.005519187077879906,"y":0.991439700126648,"z":-0.12256588786840439,"w":0.04464489594101906},"size":1.6657737493515015,"orthographic":false}